time_us,load_step_mv,load_step_1000ns_no_pkg_caps_mv,load_step_50ns_mv,load_step_50ns_no_pkg_caps_mv,load_step_10ns_mv,load_step_10ns_no_pkg_caps_mv
0.00,780.31,780.31,780.31,780.31,780.31,780.31
0.10,780.31,780.31,780.31,780.31,780.31,780.31
0.20,780.31,780.31,780.31,780.31,780.31,780.31
0.30,780.31,780.31,780.31,780.31,780.31,780.31
0.40,780.31,780.31,780.31,780.31,780.31,780.31
0.50,780.31,780.31,780.31,780.31,780.31,780.31
0.60,780.31,780.31,780.31,780.31,780.31,780.31
0.70,780.31,780.31,780.31,780.31,780.31,780.31
0.80,780.31,780.31,780.31,780.31,780.31,780.31
0.90,780.31,780.31,780.31,780.31,780.31,780.31
1.00,780.31,780.31,780.31,780.31,780.31,780.31
1.10,780.31,780.31,780.31,780.31,780.31,780.31
1.20,780.31,780.31,780.31,780.31,780.31,780.31
1.30,780.31,780.31,780.31,780.31,780.31,780.31
1.40,780.31,780.31,780.31,780.31,780.31,780.31
1.50,780.31,780.31,780.31,780.31,780.31,780.31
1.60,780.31,780.31,780.31,780.31,780.31,780.31
1.70,780.31,780.31,780.31,780.31,780.31,780.31
1.80,780.31,780.31,780.31,780.31,780.31,780.31
1.90,780.31,780.31,780.31,780.31,780.31,780.31
2.00,780.31,780.31,780.31,780.31,780.31,780.31
2.10,780.31,780.31,780.31,780.31,780.31,780.31
2.20,780.31,780.31,780.31,780.31,780.31,780.31
2.30,780.31,780.31,780.31,780.31,780.31,780.31
2.40,780.31,780.31,780.31,780.31,780.31,780.31
2.50,780.31,780.31,780.31,780.31,780.31,780.31
2.60,780.31,780.31,780.31,780.31,780.31,780.31
2.70,780.31,780.31,780.31,780.31,780.31,780.31
2.80,780.31,780.31,780.31,780.31,780.31,780.31
2.90,780.31,780.31,780.31,780.31,780.31,780.31
3.00,780.31,780.31,780.31,780.31,780.31,780.31
3.10,780.31,780.31,780.31,780.31,780.31,780.31
3.20,780.31,780.31,780.31,780.31,780.31,780.31
3.30,780.31,780.31,780.31,780.31,780.31,780.31
3.40,780.31,780.31,780.31,780.31,780.31,780.31
3.50,780.31,780.31,780.31,780.31,780.31,780.31
3.60,780.31,780.31,780.31,780.31,780.31,780.31
3.70,780.31,780.31,780.31,780.31,780.31,780.31
3.80,780.31,780.31,780.31,780.31,780.31,780.31
3.90,780.31,780.31,780.31,780.31,780.31,780.31
4.00,780.31,780.31,780.31,780.31,780.31,780.31
4.10,780.31,780.31,780.31,780.31,780.31,780.31
4.20,780.31,780.31,780.31,780.31,780.31,780.31
4.30,780.31,780.31,780.31,780.31,780.31,780.31
4.40,780.31,780.31,780.31,780.31,780.31,780.31
4.50,780.31,780.31,780.31,780.31,780.31,780.31
4.60,780.31,780.31,780.31,780.31,780.31,780.31
4.70,780.31,780.31,780.31,780.31,780.31,780.31
4.80,780.31,780.31,780.31,780.31,780.31,780.31
4.90,780.31,780.31,780.31,780.31,780.31,780.31
5.00,780.31,780.31,780.31,780.31,780.31,780.31
5.10,780.31,780.31,780.31,780.31,780.31,780.31
5.20,780.31,780.31,780.31,780.31,780.31,780.31
5.30,780.31,780.31,780.31,780.31,780.31,780.31
5.40,780.31,780.31,780.31,780.31,780.31,780.31
5.50,780.31,780.31,780.31,780.31,780.31,780.31
5.60,780.31,780.31,780.31,780.31,780.31,780.31
5.70,780.31,780.31,780.31,780.31,780.31,780.31
5.80,780.31,780.31,780.31,780.31,780.31,780.31
5.90,780.31,780.31,780.31,780.31,780.31,780.31
6.00,780.31,780.31,780.31,780.31,780.31,780.31
6.10,780.31,780.31,780.31,780.31,780.31,780.31
6.20,780.31,780.31,780.31,780.31,780.31,780.31
6.30,780.31,780.31,780.31,780.31,780.31,780.31
6.40,780.31,780.31,780.31,780.31,780.31,780.31
6.50,780.31,780.31,780.31,780.31,780.31,780.31
6.60,780.31,780.31,780.31,780.31,780.31,780.31
6.70,780.31,780.31,780.31,780.31,780.31,780.31
6.80,780.31,780.31,780.31,780.31,780.31,780.31
6.90,780.31,780.31,780.31,780.31,780.31,780.31
7.00,780.31,780.31,780.31,780.31,780.31,780.31
7.10,780.31,780.31,780.31,780.31,780.31,780.31
7.20,780.31,780.31,780.31,780.31,780.31,780.31
7.30,780.31,780.31,780.31,780.31,780.31,780.31
7.40,780.31,780.31,780.31,780.31,780.31,780.31
7.50,780.31,780.31,780.31,780.31,780.31,780.31
7.60,780.31,780.31,780.31,780.31,780.31,780.31
7.70,780.31,780.31,780.31,780.31,780.31,780.31
7.80,780.31,780.31,780.31,780.31,780.31,780.31
7.90,780.31,780.31,780.31,780.31,780.31,780.31
8.00,780.31,780.31,780.31,780.31,780.31,780.31
8.10,780.31,780.31,780.31,780.31,780.31,780.31
8.20,780.31,780.31,780.31,780.31,780.31,780.31
8.30,780.31,780.31,780.31,780.31,780.31,780.31
8.40,780.31,780.31,780.31,780.31,780.31,780.31
8.50,780.31,780.31,780.31,780.31,780.31,780.31
8.60,780.31,780.31,780.31,780.31,780.31,780.31
8.70,780.31,780.31,780.31,780.31,780.31,780.31
8.80,780.31,780.31,780.31,780.31,780.31,780.31
8.90,780.31,780.31,780.31,780.31,780.31,780.31
9.00,780.31,780.31,780.31,780.31,780.31,780.31
9.10,780.31,780.31,780.31,780.31,780.31,780.31
9.20,780.31,780.31,780.31,780.31,780.31,780.31
9.30,780.31,780.31,780.31,780.31,780.31,780.31
9.40,780.31,780.31,780.31,780.31,780.31,780.31
9.50,780.31,780.31,780.31,780.31,780.31,780.31
9.60,780.31,780.31,780.31,780.31,780.31,780.31
9.70,780.31,780.31,780.31,780.31,780.31,780.31
9.80,780.31,780.31,780.31,780.31,780.31,780.31
9.90,780.31,780.31,780.31,780.31,780.31,780.31
10.00,780.31,780.31,780.31,780.31,780.31,780.31
10.10,780.31,780.31,780.31,780.31,780.31,780.31
10.20,780.31,780.31,780.31,780.31,780.31,780.31
10.30,780.31,780.31,780.31,780.31,780.31,780.31
10.40,780.31,780.31,780.31,780.31,780.31,780.31
10.50,780.31,780.31,780.31,780.31,780.31,780.31
10.60,780.31,780.31,780.31,780.31,780.31,780.31
10.70,780.31,780.31,780.31,780.31,780.31,780.31
10.80,780.31,780.31,780.31,780.31,780.31,780.31
10.90,780.31,780.31,780.31,780.31,780.31,780.31
11.00,780.31,780.31,780.31,780.31,780.31,780.31
11.10,780.31,780.31,780.31,780.31,780.31,780.31
11.20,780.31,780.31,780.31,780.31,780.31,780.31
11.30,780.31,780.31,780.31,780.31,780.31,780.31
11.40,780.31,780.31,780.31,780.31,780.31,780.31
11.50,780.31,780.31,780.31,780.31,780.31,780.31
11.60,780.31,780.31,780.31,780.31,780.31,780.31
11.70,780.31,780.31,780.31,780.31,780.31,780.31
11.80,780.31,780.31,780.31,780.31,780.31,780.31
11.90,780.31,780.31,780.31,780.31,780.31,780.31
12.00,780.31,780.31,780.31,780.31,780.31,780.31
12.10,780.31,780.31,780.31,780.31,780.31,780.31
12.20,780.31,780.31,780.31,780.31,780.31,780.31
12.30,780.31,780.31,780.31,780.31,780.31,780.31
12.40,780.31,780.31,780.31,780.31,780.31,780.31
12.50,780.31,780.31,780.31,780.31,780.31,780.31
12.60,780.31,780.31,780.31,780.31,780.31,780.31
12.70,780.31,780.31,780.31,780.31,780.31,780.31
12.80,780.31,780.31,780.31,780.31,780.31,780.31
12.90,780.31,780.31,780.31,780.31,780.31,780.31
13.00,780.31,780.31,780.31,780.31,780.31,780.31
13.10,780.31,780.31,780.31,780.31,780.31,780.31
13.20,780.31,780.31,780.31,780.31,780.31,780.31
13.30,780.31,780.31,780.31,780.31,780.31,780.31
13.40,780.31,780.31,780.31,780.31,780.31,780.31
13.50,780.31,780.31,780.31,780.31,780.31,780.31
13.60,780.31,780.31,780.31,780.31,780.31,780.31
13.70,780.31,780.31,780.31,780.31,780.31,780.31
13.80,780.31,780.31,780.31,780.31,780.31,780.31
13.90,780.31,780.31,780.31,780.31,780.31,780.31
14.00,780.31,780.31,780.31,780.31,780.31,780.31
14.10,780.31,780.31,780.31,780.31,780.31,780.31
14.20,780.31,780.31,780.31,780.31,780.31,780.31
14.30,780.31,780.31,780.31,780.31,780.31,780.31
14.40,780.31,780.31,780.31,780.31,780.31,780.31
14.50,780.31,780.31,780.31,780.31,780.31,780.31
14.60,780.31,780.31,780.31,780.31,780.31,780.31
14.70,780.31,780.31,780.31,780.31,780.31,780.31
14.80,780.31,780.31,780.31,780.31,780.31,780.31
14.90,780.31,780.31,780.31,780.31,780.31,780.31
15.00,780.31,780.31,780.31,780.31,780.31,780.31
15.10,780.31,780.31,780.31,780.31,780.31,780.31
15.20,780.31,780.31,780.31,780.31,780.31,780.31
15.30,780.31,780.31,780.31,780.31,780.31,780.31
15.40,780.31,780.31,780.31,780.31,780.31,780.31
15.50,780.31,780.31,780.31,780.31,780.31,780.31
15.60,780.31,780.31,780.31,780.31,780.31,780.31
15.70,780.31,780.31,780.31,780.31,780.31,780.31
15.80,780.31,780.31,780.31,780.31,780.31,780.31
15.90,780.31,780.31,780.31,780.31,780.31,780.31
16.00,780.31,780.31,780.31,780.31,780.31,780.31
16.10,780.31,780.31,780.31,780.31,780.31,780.31
16.20,780.31,780.31,780.31,780.31,780.31,780.31
16.30,780.31,780.31,780.31,780.31,780.31,780.31
16.40,780.31,780.31,780.31,780.31,780.31,780.31
16.50,780.31,780.31,780.31,780.31,780.31,780.31
16.60,780.31,780.31,780.31,780.31,780.31,780.31
16.70,780.31,780.31,780.31,780.31,780.31,780.31
16.80,780.31,780.31,780.31,780.31,780.31,780.31
16.90,780.31,780.31,780.31,780.31,780.31,780.31
17.00,780.31,780.31,780.31,780.31,780.31,780.31
17.10,780.31,780.31,780.31,780.31,780.31,780.31
17.20,780.31,780.31,780.31,780.31,780.31,780.31
17.30,780.31,780.31,780.31,780.31,780.31,780.31
17.40,780.31,780.31,780.31,780.31,780.31,780.31
17.50,780.31,780.31,780.31,780.31,780.31,780.31
17.60,780.31,780.31,780.31,780.31,780.31,780.31
17.70,780.31,780.31,780.31,780.31,780.31,780.31
17.80,780.31,780.31,780.31,780.31,780.31,780.31
17.90,780.31,780.31,780.31,780.31,780.31,780.31
18.00,780.31,780.31,780.31,780.31,780.31,780.31
18.10,780.31,780.31,780.31,780.31,780.31,780.31
18.20,780.31,780.31,780.31,780.31,780.31,780.31
18.30,780.31,780.31,780.31,780.31,780.31,780.31
18.40,780.31,780.31,780.31,780.31,780.31,780.31
18.50,780.31,780.31,780.31,780.31,780.31,780.31
18.60,780.31,780.31,780.31,780.31,780.31,780.31
18.70,780.31,780.31,780.31,780.31,780.31,780.31
18.80,780.31,780.31,780.31,780.31,780.31,780.31
18.90,780.31,780.31,780.31,780.31,780.31,780.31
19.00,780.31,780.31,780.31,780.31,780.31,780.31
19.01,780.31,780.31,780.31,780.31,780.31,780.31
19.02,780.31,780.31,780.31,780.31,780.31,780.31
19.03,780.31,780.31,780.31,780.31,780.31,780.31
19.04,780.31,780.31,780.31,780.31,780.31,780.31
19.05,780.31,780.31,780.31,780.31,780.31,780.31
19.06,780.31,780.31,780.31,780.31,780.31,780.31
19.07,780.31,780.31,780.31,780.31,780.31,780.31
19.08,780.31,780.31,780.31,780.31,780.31,780.31
19.09,780.31,780.31,780.31,780.31,780.31,780.31
19.10,780.31,780.31,780.31,780.31,780.31,780.31
19.11,780.31,780.31,780.31,780.31,780.31,780.31
19.12,780.31,780.31,780.31,780.31,780.31,780.31
19.13,780.31,780.31,780.31,780.31,780.31,780.31
19.14,780.31,780.31,780.31,780.31,780.31,780.31
19.15,780.31,780.31,780.31,780.31,780.31,780.31
19.16,780.31,780.31,780.31,780.31,780.31,780.31
19.17,780.31,780.31,780.31,780.31,780.31,780.31
19.18,780.31,780.31,780.31,780.31,780.31,780.31
19.19,780.31,780.31,780.31,780.31,780.31,780.31
19.20,780.31,780.31,780.31,780.31,780.31,780.31
19.21,780.31,780.31,780.31,780.31,780.31,780.31
19.22,780.31,780.31,780.31,780.31,780.31,780.31
19.23,780.31,780.31,780.31,780.31,780.31,780.31
19.24,780.31,780.31,780.31,780.31,780.31,780.31
19.25,780.31,780.31,780.31,780.31,780.31,780.31
19.26,780.31,780.31,780.31,780.31,780.31,780.31
19.27,780.31,780.31,780.31,780.31,780.31,780.31
19.28,780.31,780.31,780.31,780.31,780.31,780.31
19.29,780.31,780.31,780.31,780.31,780.31,780.31
19.30,780.31,780.31,780.31,780.31,780.31,780.31
19.31,780.31,780.31,780.31,780.31,780.31,780.31
19.32,780.31,780.31,780.31,780.31,780.31,780.31
19.33,780.31,780.31,780.31,780.31,780.31,780.31
19.34,780.31,780.31,780.31,780.31,780.31,780.31
19.35,780.31,780.31,780.31,780.31,780.31,780.31
19.36,780.31,780.31,780.31,780.31,780.31,780.31
19.37,780.31,780.31,780.31,780.31,780.31,780.31
19.38,780.31,780.31,780.31,780.31,780.31,780.31
19.39,780.31,780.31,780.31,780.31,780.31,780.31
19.40,780.31,780.31,780.31,780.31,780.31,780.31
19.41,780.31,780.31,780.31,780.31,780.31,780.31
19.42,780.31,780.31,780.31,780.31,780.31,780.31
19.43,780.31,780.31,780.31,780.31,780.31,780.31
19.44,780.31,780.31,780.31,780.31,780.31,780.31
19.45,780.31,780.31,780.31,780.31,780.31,780.31
19.46,780.31,780.31,780.31,780.31,780.31,780.31
19.47,780.31,780.31,780.31,780.31,780.31,780.31
19.48,780.31,780.31,780.31,780.31,780.31,780.31
19.49,780.31,780.31,780.31,780.31,780.31,780.31
19.50,780.31,780.31,780.31,780.31,780.31,780.31
19.51,780.31,780.31,780.31,780.31,780.31,780.31
19.52,780.31,780.31,780.31,780.31,780.31,780.31
19.53,780.31,780.31,780.31,780.31,780.31,780.31
19.54,780.31,780.31,780.31,780.31,780.31,780.31
19.55,780.31,780.31,780.31,780.31,780.31,780.31
19.56,780.31,780.31,780.31,780.31,780.31,780.31
19.57,780.31,780.31,780.31,780.31,780.31,780.31
19.58,780.31,780.31,780.31,780.31,780.31,780.31
19.59,780.31,780.31,780.31,780.31,780.31,780.31
19.60,780.31,780.31,780.31,780.31,780.31,780.31
19.61,780.31,780.31,780.31,780.31,780.31,780.31
19.62,780.31,780.31,780.31,780.31,780.31,780.31
19.63,780.31,780.31,780.31,780.31,780.31,780.31
19.64,780.31,780.31,780.31,780.31,780.31,780.31
19.65,780.31,780.31,780.31,780.31,780.31,780.31
19.66,780.31,780.31,780.31,780.31,780.31,780.31
19.67,780.31,780.31,780.31,780.31,780.31,780.31
19.68,780.31,780.31,780.31,780.31,780.31,780.31
19.69,780.31,780.31,780.31,780.31,780.31,780.31
19.70,780.31,780.31,780.31,780.31,780.31,780.31
19.71,780.31,780.31,780.31,780.31,780.31,780.31
19.72,780.31,780.31,780.31,780.31,780.31,780.31
19.73,780.31,780.31,780.31,780.31,780.31,780.31
19.74,780.31,780.31,780.31,780.31,780.31,780.31
19.75,780.31,780.31,780.31,780.31,780.31,780.31
19.76,780.31,780.31,780.31,780.31,780.31,780.31
19.77,780.31,780.31,780.31,780.31,780.31,780.31
19.78,780.31,780.31,780.31,780.31,780.31,780.31
19.79,780.31,780.31,780.31,780.31,780.31,780.31
19.80,780.31,780.31,780.31,780.31,780.31,780.31
19.81,780.31,780.31,780.31,780.31,780.31,780.31
19.82,780.31,780.31,780.31,780.31,780.31,780.31
19.83,780.31,780.31,780.31,780.31,780.31,780.31
19.84,780.31,780.31,780.31,780.31,780.31,780.31
19.85,780.31,780.31,780.31,780.31,780.31,780.31
19.86,780.31,780.31,780.31,780.31,780.31,780.31
19.87,780.31,780.31,780.31,780.31,780.31,780.31
19.88,780.31,780.31,780.31,780.31,780.31,780.31
19.89,780.31,780.31,780.31,780.31,780.31,780.31
19.90,780.31,780.31,780.31,780.31,780.31,780.31
19.91,780.31,780.31,780.31,780.31,780.31,780.31
19.92,780.31,780.31,780.31,780.31,780.31,780.31
19.93,780.31,780.31,780.31,780.31,780.31,780.31
19.94,780.31,780.31,780.31,780.31,780.31,780.31
19.95,780.31,780.31,780.31,780.31,780.31,780.31
19.96,780.31,780.31,780.31,780.31,780.31,780.31
19.97,780.31,780.31,780.31,780.31,780.31,780.31
19.98,780.31,780.31,780.31,780.31,780.31,780.31
19.99,780.31,780.31,780.31,780.31,780.31,780.31
20.00,780.31,780.31,780.31,780.31,780.31,780.31
20.01,779.62,779.34,766.37,760.91,710.57,683.66
20.02,779.03,777.45,754.66,723.16,721.65,591.30
20.03,778.95,775.29,753.08,679.84,772.62,563.42
20.04,778.91,773.50,752.30,643.98,776.52,600.82
20.05,778.59,772.53,745.81,624.55,747.76,683.49
20.06,778.13,772.52,750.46,643.91,734.09,779.46
20.07,777.74,773.28,754.40,696.81,741.36,856.37
20.08,777.40,774.39,749.42,762.35,747.25,891.80
20.09,777.03,775.38,742.68,817.91,742.72,879.13
20.10,776.59,775.85,740.39,846.73,736.48,827.81
20.11,776.14,775.63,740.63,842.53,735.43,758.40
20.12,775.71,774.78,739.78,810.28,737.05,694.76
20.13,775.28,773.54,737.78,763.22,737.18,656.06
20.14,774.83,772.25,736.42,717.74,735.91,651.29
20.15,774.38,771.22,736.18,687.76,735.33,677.63
20.16,773.94,770.65,736.28,680.63,735.93,722.76
20.17,773.51,770.54,736.22,695.61,736.76,769.86
20.18,773.07,770.77,736.24,725.04,737.27,803.53
20.19,772.65,771.11,736.61,757.62,737.77,814.48
20.20,772.23,771.33,737.26,782.39,738.55,801.73
20.21,771.82,771.24,737.98,792.22,739.53,771.95
20.22,771.43,770.80,738.72,785.54,740.48,736.41
20.23,771.04,770.07,739.54,766.25,741.37,706.87
20.24,770.66,769.19,740.44,741.76,742.25,691.81
20.25,770.28,768.32,741.35,720.28,743.13,694.10
20.26,769.92,767.63,742.24,708.06,743.96,710.79
20.27,769.56,767.17,743.08,707.73,744.70,734.74
20.28,769.21,766.94,743.87,717.80,745.34,757.35
20.29,768.87,766.86,744.60,733.71,745.88,771.52
20.30,768.53,766.79,745.24,749.58,746.31,773.65
20.31,768.19,766.63,745.77,760.29,746.63,764.41
20.32,767.86,766.31,746.19,762.94,746.82,748.02
20.33,767.52,765.81,746.50,757.58,746.89,730.45
20.34,767.19,765.18,746.70,746.77,746.84,717.35
20.35,766.85,764.50,746.77,734.52,746.67,712.29
20.36,766.51,763.85,746.72,724.83,746.39,715.88
20.37,766.17,763.31,746.56,720.41,746.01,725.91
20.38,765.82,762.89,746.28,722.00,745.53,738.42
20.39,765.47,762.58,745.91,728.35,744.97,749.15
20.40,765.11,762.33,745.45,736.85,744.35,754.91
20.41,764.74,762.07,744.91,744.56,743.67,754.48
20.42,764.37,761.75,744.29,749.12,742.94,748.76
20.43,763.99,761.35,743.62,749.48,742.19,740.22
20.44,763.60,760.87,742.91,746.05,741.42,731.96
20.45,763.20,760.33,742.17,740.40,740.65,726.59
20.46,762.80,759.78,741.42,734.62,739.89,725.54
20.47,762.39,759.27,740.66,730.61,739.16,728.68
20.48,761.97,758.81,739.92,729.49,738.46,734.58
20.49,761.54,758.42,739.19,731.32,737.81,741.13
20.50,761.11,758.08,738.51,735.24,737.21,746.26
20.51,760.68,757.76,737.86,739.85,736.68,748.60
20.52,760.23,757.43,737.27,743.68,736.22,747.85
20.53,759.79,757.08,736.75,745.70,735.84,744.71
20.54,759.34,756.68,736.30,745.59,735.54,740.58
20.55,758.89,756.25,735.92,743.74,735.32,737.00
20.56,758.44,755.80,735.62,741.06,735.19,735.15
20.57,757.99,755.35,735.41,738.60,735.15,735.55
20.58,757.54,754.92,735.28,737.25,735.20,737.92
20.59,757.09,754.54,735.24,737.42,735.33,741.42
20.60,756.64,754.18,735.28,739.00,735.54,744.93
20.61,756.20,753.85,735.41,741.46,735.83,747.48
20.62,755.76,753.54,735.62,744.05,736.20,748.53
20.63,755.32,753.21,735.91,746.08,736.63,748.06
20.64,754.89,752.88,736.27,747.11,737.12,746.56
20.65,754.46,752.52,736.69,747.08,737.67,744.78
20.66,754.04,752.15,737.18,746.28,738.27,743.47
20.67,753.63,751.78,737.72,745.20,738.90,743.14
20.68,753.22,751.42,738.31,744.38,739.57,743.94
20.69,752.82,751.07,738.94,744.20,740.27,745.64
20.70,752.42,750.74,739.60,744.79,740.99,747.75
20.71,752.04,750.44,740.29,746.04,741.72,749.71
20.72,751.66,750.15,741.00,747.62,742.46,751.09
20.73,751.29,749.86,741.73,749.17,743.19,751.67
20.74,750.92,749.57,742.46,750.34,743.92,751.52
20.75,750.57,749.28,743.19,750.98,744.64,750.95
20.76,750.22,748.98,743.91,751.11,745.35,750.34
20.77,749.88,748.68,744.63,750.90,746.04,750.04
20.78,749.54,748.37,745.33,750.63,746.70,750.29
20.79,749.21,748.08,746.01,750.54,747.34,751.08
20.80,748.89,747.80,746.68,750.80,747.95,752.26
20.81,748.57,747.53,747.31,751.45,748.54,753.56
20.82,748.26,747.28,747.92,752.38,749.09,754.71
20.83,747.95,747.03,748.51,753.42,749.61,755.52
20.84,747.65,746.79,749.06,754.39,750.11,755.91
20.85,747.35,746.54,749.58,755.13,750.57,755.96
20.86,747.06,746.30,750.08,755.59,751.01,755.84
20.87,746.77,746.05,750.55,755.79,751.42,755.75
20.88,746.48,745.81,750.99,755.86,751.81,755.86
20.89,746.20,745.57,751.40,755.93,752.18,756.23
20.90,745.92,745.33,751.79,756.11,752.52,756.87
20.91,745.65,745.11,752.16,756.47,752.85,757.66
20.92,745.38,744.89,752.50,757.02,753.16,758.46
20.93,745.11,744.68,752.83,757.67,753.46,759.15
20.94,744.84,744.47,753.14,758.36,753.75,759.64
20.95,744.58,744.27,753.45,758.97,754.03,759.92
20.96,744.32,744.06,753.74,759.44,754.30,760.04
20.97,744.06,743.86,754.02,759.77,754.58,760.09
20.98,743.81,743.66,754.30,759.97,754.85,760.18
20.99,743.56,743.46,754.58,760.12,755.12,760.38
21.00,743.31,743.26,754.85,760.28,755.40,760.70
21.10,744.70,745.96,757.84,763.17,758.51,763.40
21.20,747.07,748.90,761.31,764.82,761.98,764.91
21.30,749.10,751.93,764.21,765.42,764.65,765.38
21.40,751.03,754.89,765.73,765.20,765.88,765.06
21.50,753.60,757.57,766.07,764.44,766.06,764.24
21.60,756.64,759.80,765.86,763.39,765.79,763.17
21.70,759.38,761.46,765.40,762.28,765.28,762.07
21.80,761.37,762.53,764.66,761.27,764.48,761.10
21.90,762.69,763.03,763.64,760.47,763.42,760.34
22.00,763.56,763.07,762.52,759.93,762.30,759.85
22.10,764.02,762.78,761.50,759.64,761.32,759.60
22.20,764.07,762.29,760.70,759.57,760.56,759.58
22.30,763.74,761.72,760.09,759.67,759.99,759.70
22.40,763.17,761.18,759.67,759.88,759.61,759.92
22.50,762.51,760.72,759.44,760.13,759.41,760.19
22.60,761.86,760.39,759.39,760.39,759.39,760.44
22.70,761.25,760.19,759.48,760.62,759.51,760.66
22.80,760.73,760.11,759.67,760.79,759.71,760.82
22.90,760.32,760.14,759.90,760.90,759.95,760.91
23.00,760.05,760.22,760.16,760.95,760.21,760.95
23.10,759.91,760.35,760.40,760.95,760.44,760.94
23.20,759.88,760.48,760.61,760.91,760.65,760.90
23.30,759.93,760.61,760.78,760.85,760.81,760.84
23.40,760.04,760.71,760.90,760.79,760.91,760.78
23.50,760.18,760.77,760.96,760.73,760.97,760.71
23.60,760.34,760.81,760.99,760.67,760.99,760.66
23.70,760.50,760.82,760.97,760.63,760.97,760.63
23.80,760.63,760.80,760.93,760.61,760.92,760.61
23.90,760.73,760.78,760.88,760.60,760.86,760.60
24.00,760.81,760.74,760.81,760.60,760.80,760.60
24.10,760.85,760.71,760.75,760.61,760.74,760.61
24.20,760.87,760.68,760.69,760.62,760.68,760.62
24.30,760.86,760.65,760.65,760.64,760.64,760.64
24.40,760.83,760.64,760.61,760.65,760.61,760.65
24.50,760.80,760.63,760.59,760.66,760.59,760.66
24.60,760.76,760.63,760.58,760.66,760.58,760.66
24.70,760.72,760.63,760.58,760.67,760.58,760.67
24.80,760.68,760.64,760.58,760.67,760.59,760.67
24.90,760.65,760.64,760.59,760.66,760.60,760.66
25.00,760.63,760.65,760.61,760.66,760.61,760.66
25.10,760.61,760.65,760.62,760.66,760.62,760.66
25.20,760.61,760.66,760.63,760.65,760.64,760.65
25.30,760.60,760.66,760.65,760.65,760.65,760.65
25.40,760.61,760.66,760.65,760.64,760.66,760.64
25.50,760.61,760.66,760.66,760.64,760.66,760.64
25.60,760.62,760.65,760.66,760.64,760.66,760.64
25.70,760.63,760.65,760.66,760.64,760.66,760.64
25.80,760.64,760.65,760.66,760.64,760.66,760.64
25.90,760.64,760.65,760.66,760.64,760.66,760.64
26.00,760.65,760.64,760.65,760.64,760.65,760.64
26.10,760.65,760.64,760.65,760.64,760.65,760.64
26.20,760.65,760.64,760.64,760.64,760.64,760.64
26.30,760.65,760.64,760.64,760.64,760.64,760.64
26.40,760.65,760.64,760.64,760.64,760.64,760.64
26.50,760.65,760.64,760.63,760.64,760.63,760.64
26.60,760.65,760.64,760.63,760.64,760.63,760.64
26.70,760.64,760.64,760.63,760.64,760.63,760.64
26.80,760.64,760.64,760.63,760.64,760.63,760.64
26.90,760.64,760.64,760.63,760.64,760.63,760.64
27.00,760.64,760.64,760.63,760.64,760.63,760.64
27.10,760.64,760.64,760.63,760.63,760.63,760.63
27.20,760.63,760.64,760.63,760.63,760.63,760.63
27.30,760.63,760.64,760.63,760.63,760.63,760.63
27.40,760.63,760.64,760.63,760.63,760.63,760.63
27.50,760.63,760.64,760.63,760.63,760.63,760.63
27.60,760.63,760.63,760.63,760.63,760.63,760.63
27.70,760.63,760.63,760.63,760.63,760.63,760.63
27.80,760.63,760.63,760.63,760.63,760.63,760.63
27.90,760.63,760.63,760.63,760.63,760.63,760.63
28.00,760.63,760.63,760.63,760.63,760.63,760.63
28.10,760.63,760.63,760.63,760.63,760.63,760.63
28.20,760.63,760.63,760.63,760.63,760.63,760.63
28.30,760.63,760.63,760.63,760.63,760.63,760.63
28.40,760.63,760.63,760.63,760.63,760.63,760.63
28.50,760.63,760.63,760.63,760.63,760.63,760.63
28.60,760.63,760.63,760.63,760.63,760.63,760.63
28.70,760.63,760.63,760.63,760.63,760.63,760.63
28.80,760.63,760.63,760.63,760.63,760.63,760.63
28.90,760.63,760.63,760.63,760.63,760.63,760.63
29.00,760.63,760.63,760.63,760.63,760.63,760.63
29.10,760.63,760.63,760.63,760.63,760.63,760.63
29.20,760.63,760.63,760.63,760.63,760.63,760.63
29.30,760.63,760.63,760.63,760.63,760.63,760.63
29.40,760.63,760.63,760.63,760.63,760.63,760.63
29.50,760.63,760.63,760.63,760.63,760.63,760.63
29.60,760.63,760.63,760.63,760.63,760.63,760.63
29.70,760.63,760.63,760.63,760.63,760.63,760.63
29.80,760.63,760.63,760.63,760.63,760.63,760.63
29.90,760.63,760.63,760.63,760.63,760.63,760.63
30.00,760.63,760.63,760.63,760.63,760.63,760.63
30.10,760.63,760.63,760.63,760.63,760.63,760.63
30.20,760.63,760.63,760.63,760.63,760.63,760.63
30.30,760.63,760.63,760.63,760.63,760.63,760.63
30.40,760.63,760.63,760.63,760.63,760.63,760.63
30.50,760.63,760.63,760.63,760.63,760.63,760.63
30.60,760.63,760.63,760.63,760.63,760.63,760.63
30.70,760.63,760.63,760.63,760.63,760.63,760.63
30.80,760.63,760.63,760.63,760.63,760.63,760.63
30.90,760.63,760.63,760.63,760.63,760.63,760.63
31.00,760.63,760.63,760.63,760.63,760.63,760.63
31.10,760.63,760.63,760.63,760.63,760.63,760.63
31.20,760.63,760.63,760.63,760.63,760.63,760.63
31.30,760.63,760.63,760.63,760.63,760.63,760.63
31.40,760.63,760.63,760.63,760.63,760.63,760.63
31.50,760.63,760.63,760.63,760.63,760.63,760.63
31.60,760.63,760.63,760.63,760.63,760.63,760.63
31.70,760.63,760.63,760.63,760.63,760.63,760.63
31.80,760.63,760.63,760.63,760.63,760.63,760.63
31.90,760.63,760.63,760.63,760.63,760.63,760.63
32.00,760.63,760.63,760.63,760.63,760.63,760.63
32.10,760.63,760.63,760.63,760.63,760.63,760.63
32.20,760.63,760.63,760.63,760.63,760.63,760.63
32.30,760.63,760.63,760.63,760.63,760.63,760.63
32.40,760.63,760.63,760.63,760.63,760.63,760.63
32.50,760.63,760.63,760.63,760.63,760.63,760.63
32.60,760.63,760.63,760.63,760.63,760.63,760.63
32.70,760.63,760.63,760.63,760.63,760.63,760.63
32.80,760.63,760.63,760.63,760.63,760.63,760.63
32.90,760.63,760.63,760.63,760.63,760.63,760.63
33.00,760.63,760.63,760.63,760.63,760.63,760.63
33.10,760.63,760.63,760.63,760.63,760.63,760.63
33.20,760.63,760.63,760.63,760.63,760.63,760.63
33.30,760.63,760.63,760.63,760.63,760.63,760.63
33.40,760.63,760.63,760.63,760.63,760.63,760.63
33.50,760.63,760.63,760.63,760.63,760.63,760.63
33.60,760.63,760.63,760.63,760.63,760.63,760.63
33.70,760.63,760.63,760.63,760.63,760.63,760.63
33.80,760.63,760.63,760.63,760.63,760.63,760.63
33.90,760.63,760.63,760.63,760.63,760.63,760.63
34.00,760.63,760.63,760.63,760.63,760.63,760.63
34.10,760.63,760.63,760.63,760.63,760.63,760.63
34.20,760.63,760.63,760.63,760.63,760.63,760.63
34.30,760.63,760.63,760.63,760.63,760.63,760.63
34.40,760.63,760.63,760.63,760.63,760.63,760.63
34.50,760.63,760.63,760.63,760.63,760.63,760.63
34.60,760.63,760.63,760.63,760.63,760.63,760.63
34.70,760.63,760.63,760.63,760.63,760.63,760.63
34.80,760.63,760.63,760.63,760.63,760.63,760.63
34.90,760.63,760.63,760.63,760.63,760.63,760.63
35.00,760.63,760.63,760.63,760.63,760.63,760.63
35.10,760.63,760.63,760.63,760.63,760.63,760.63
35.20,760.63,760.63,760.63,760.63,760.63,760.63
35.30,760.63,760.63,760.63,760.63,760.63,760.63
35.40,760.63,760.63,760.63,760.63,760.63,760.63
35.50,760.63,760.63,760.63,760.63,760.63,760.63
35.60,760.63,760.63,760.63,760.63,760.63,760.63
35.70,760.63,760.63,760.63,760.63,760.63,760.63
35.80,760.63,760.63,760.63,760.63,760.63,760.63
35.90,760.63,760.63,760.63,760.63,760.63,760.63
36.00,760.63,760.63,760.63,760.63,760.63,760.63
36.10,760.63,760.63,760.63,760.63,760.63,760.63
36.20,760.63,760.63,760.63,760.63,760.63,760.63
36.30,760.63,760.63,760.63,760.63,760.63,760.63
36.40,760.63,760.63,760.63,760.63,760.63,760.63
36.50,760.63,760.63,760.63,760.63,760.63,760.63
36.60,760.63,760.63,760.63,760.63,760.63,760.63
36.70,760.63,760.63,760.63,760.63,760.63,760.63
36.80,760.63,760.63,760.63,760.63,760.63,760.63
36.90,760.63,760.63,760.63,760.63,760.63,760.63
37.00,760.63,760.63,760.63,760.63,760.63,760.63
37.10,760.63,760.63,760.63,760.63,760.63,760.63
37.20,760.63,760.63,760.63,760.63,760.63,760.63
37.30,760.63,760.63,760.63,760.63,760.63,760.63
37.40,760.63,760.63,760.63,760.63,760.63,760.63
37.50,760.63,760.63,760.63,760.63,760.63,760.63
37.60,760.63,760.63,760.63,760.63,760.63,760.63
37.70,760.63,760.63,760.63,760.63,760.63,760.63
37.80,760.63,760.63,760.63,760.63,760.63,760.63
37.90,760.63,760.63,760.63,760.63,760.63,760.63
38.00,760.63,760.63,760.63,760.63,760.63,760.63
38.10,760.63,760.63,760.63,760.63,760.63,760.63
38.20,760.63,760.63,760.63,760.63,760.63,760.63
38.30,760.63,760.63,760.63,760.63,760.63,760.63
38.40,760.63,760.63,760.63,760.63,760.63,760.63
38.50,760.63,760.63,760.63,760.63,760.63,760.63
38.60,760.63,760.63,760.63,760.63,760.63,760.63
38.70,760.63,760.63,760.63,760.63,760.63,760.63
38.80,760.63,760.63,760.63,760.63,760.63,760.63
38.90,760.63,760.63,760.63,760.63,760.63,760.63
39.00,760.63,760.63,760.63,760.63,760.63,760.63
39.10,760.63,760.63,760.63,760.63,760.63,760.63
39.20,760.63,760.63,760.63,760.63,760.63,760.63
39.30,760.63,760.63,760.63,760.63,760.63,760.63
39.40,760.63,760.63,760.63,760.63,760.63,760.63
39.50,760.63,760.63,760.63,760.63,760.63,760.63
39.60,760.63,760.63,760.63,760.63,760.63,760.63
39.70,760.63,760.63,760.63,760.63,760.63,760.63
39.80,760.63,760.63,760.63,760.63,760.63,760.63
39.90,760.63,760.63,760.63,760.63,760.63,760.63
40.00,760.63,760.63,760.63,760.63,760.63,760.63
40.10,760.63,760.63,760.63,760.63,760.63,760.63
40.20,760.63,760.63,760.63,760.63,760.63,760.63
40.30,760.63,760.63,760.63,760.63,760.63,760.63
40.40,760.63,760.63,760.63,760.63,760.63,760.63
40.50,760.63,760.63,760.63,760.63,760.63,760.63
40.60,760.63,760.63,760.63,760.63,760.63,760.63
40.70,760.63,760.63,760.63,760.63,760.63,760.63
40.80,760.63,760.63,760.63,760.63,760.63,760.63
40.90,760.63,760.63,760.63,760.63,760.63,760.63
41.00,760.63,760.63,760.63,760.63,760.63,760.63
41.10,760.63,760.63,760.63,760.63,760.63,760.63
41.20,760.63,760.63,760.63,760.63,760.63,760.63
41.30,760.63,760.63,760.63,760.63,760.63,760.63
41.40,760.63,760.63,760.63,760.63,760.63,760.63
41.50,760.63,760.63,760.63,760.63,760.63,760.63
41.60,760.63,760.63,760.63,760.63,760.63,760.63
41.70,760.63,760.63,760.63,760.63,760.63,760.63
41.80,760.63,760.63,760.63,760.63,760.63,760.63
41.90,760.63,760.63,760.63,760.63,760.63,760.63
42.00,760.63,760.63,760.63,760.63,760.63,760.63
42.10,760.63,760.63,760.63,760.63,760.63,760.63
42.20,760.63,760.63,760.63,760.63,760.63,760.63
42.30,760.63,760.63,760.63,760.63,760.63,760.63
42.40,760.63,760.63,760.63,760.63,760.63,760.63
42.50,760.63,760.63,760.63,760.63,760.63,760.63
42.60,760.63,760.63,760.63,760.63,760.63,760.63
42.70,760.63,760.63,760.63,760.63,760.63,760.63
42.80,760.63,760.63,760.63,760.63,760.63,760.63
42.90,760.63,760.63,760.63,760.63,760.63,760.63
43.00,760.63,760.63,760.63,760.63,760.63,760.63
43.10,760.63,760.63,760.63,760.63,760.63,760.63
43.20,760.63,760.63,760.63,760.63,760.63,760.63
43.30,760.63,760.63,760.63,760.63,760.63,760.63
43.40,760.63,760.63,760.63,760.63,760.63,760.63
43.50,760.63,760.63,760.63,760.63,760.63,760.63
43.60,760.63,760.63,760.63,760.63,760.63,760.63
43.70,760.63,760.63,760.63,760.63,760.63,760.63
43.80,760.63,760.63,760.63,760.63,760.63,760.63
43.90,760.63,760.63,760.63,760.63,760.63,760.63
44.00,760.63,760.63,760.63,760.63,760.63,760.63
44.10,760.63,760.63,760.63,760.63,760.63,760.63
44.20,760.63,760.63,760.63,760.63,760.63,760.63
44.30,760.63,760.63,760.63,760.63,760.63,760.63
44.40,760.63,760.63,760.63,760.63,760.63,760.63
44.50,760.63,760.63,760.63,760.63,760.63,760.63
44.60,760.63,760.63,760.63,760.63,760.63,760.63
44.70,760.63,760.63,760.63,760.63,760.63,760.63
44.80,760.63,760.63,760.63,760.63,760.63,760.63
44.90,760.63,760.63,760.63,760.63,760.63,760.63
45.00,760.63,760.63,760.63,760.63,760.63,760.63
45.10,760.63,760.63,760.63,760.63,760.63,760.63
45.20,760.63,760.63,760.63,760.63,760.63,760.63
45.30,760.63,760.63,760.63,760.63,760.63,760.63
45.40,760.63,760.63,760.63,760.63,760.63,760.63
45.50,760.63,760.63,760.63,760.63,760.63,760.63
45.60,760.63,760.63,760.63,760.63,760.63,760.63
45.70,760.63,760.63,760.63,760.63,760.63,760.63
45.80,760.63,760.63,760.63,760.63,760.63,760.63
45.90,760.63,760.63,760.63,760.63,760.63,760.63
46.00,760.63,760.63,760.63,760.63,760.63,760.63
46.10,760.63,760.63,760.63,760.63,760.63,760.63
46.20,760.63,760.63,760.63,760.63,760.63,760.63
46.30,760.63,760.63,760.63,760.63,760.63,760.63
46.40,760.63,760.63,760.63,760.63,760.63,760.63
46.50,760.63,760.63,760.63,760.63,760.63,760.63
46.60,760.63,760.63,760.63,760.63,760.63,760.63
46.70,760.63,760.63,760.63,760.63,760.63,760.63
46.80,760.63,760.63,760.63,760.63,760.63,760.63
46.90,760.63,760.63,760.63,760.63,760.63,760.63
47.00,760.63,760.63,760.63,760.63,760.63,760.63
47.10,760.63,760.63,760.63,760.63,760.63,760.63
47.20,760.63,760.63,760.63,760.63,760.63,760.63
47.30,760.63,760.63,760.63,760.63,760.63,760.63
47.40,760.63,760.63,760.63,760.63,760.63,760.63
47.50,760.63,760.63,760.63,760.63,760.63,760.63
47.60,760.63,760.63,760.63,760.63,760.63,760.63
47.70,760.63,760.63,760.63,760.63,760.63,760.63
47.80,760.63,760.63,760.63,760.63,760.63,760.63
47.90,760.63,760.63,760.63,760.63,760.63,760.63
48.00,760.63,760.63,760.63,760.63,760.63,760.63
48.10,760.63,760.63,760.63,760.63,760.63,760.63
48.20,760.63,760.63,760.63,760.63,760.63,760.63
48.30,760.63,760.63,760.63,760.63,760.63,760.63
48.40,760.63,760.63,760.63,760.63,760.63,760.63
48.50,760.63,760.63,760.63,760.63,760.63,760.63
48.60,760.63,760.63,760.63,760.63,760.63,760.63
48.70,760.63,760.63,760.63,760.63,760.63,760.63
48.80,760.63,760.63,760.63,760.63,760.63,760.63
48.90,760.63,760.63,760.63,760.63,760.63,760.63
49.00,760.63,760.63,760.63,760.63,760.63,760.63
49.10,760.63,760.63,760.63,760.63,760.63,760.63
49.20,760.63,760.63,760.63,760.63,760.63,760.63
49.30,760.63,760.63,760.63,760.63,760.63,760.63
49.40,760.63,760.63,760.63,760.63,760.63,760.63
49.50,760.63,760.63,760.63,760.63,760.63,760.63
49.60,760.63,760.63,760.63,760.63,760.63,760.63
49.70,760.63,760.63,760.63,760.63,760.63,760.62
49.80,760.63,760.63,760.62,760.62,760.62,760.62
49.90,760.63,760.63,760.62,760.62,760.62,760.62
50.00,760.63,760.63,760.62,760.62,760.62,760.62
50.10,760.63,760.63,760.62,760.62,760.62,760.62
50.20,760.63,760.63,760.62,760.62,760.62,760.62
50.30,760.62,760.62,760.62,760.62,760.62,760.62
50.40,760.62,760.62,760.62,760.62,760.62,760.62
50.50,760.62,760.62,760.62,760.62,760.62,760.62
50.60,760.62,760.62,760.62,760.62,760.62,760.62
50.70,760.62,760.62,760.62,760.62,760.62,760.62
50.80,760.62,760.62,760.62,760.62,760.62,760.62
50.90,760.62,760.62,760.62,760.62,760.62,760.62
51.00,760.62,760.62,760.62,760.62,760.62,760.62
51.10,760.62,760.62,760.62,760.62,760.62,760.62
51.20,760.62,760.62,760.62,760.62,760.62,760.62
51.30,760.62,760.62,760.62,760.62,760.62,760.62
51.40,760.62,760.62,760.62,760.62,760.62,760.62
51.50,760.62,760.62,760.62,760.62,760.62,760.62
51.60,760.62,760.62,760.62,760.62,760.62,760.62
51.70,760.62,760.62,760.62,760.62,760.62,760.62
51.80,760.62,760.62,760.62,760.62,760.62,760.62
51.90,760.62,760.62,760.62,760.62,760.62,760.62
52.00,760.62,760.62,760.62,760.62,760.62,760.62
52.10,760.62,760.62,760.62,760.62,760.62,760.62
52.20,760.62,760.62,760.62,760.62,760.62,760.62
52.30,760.62,760.62,760.62,760.62,760.62,760.62
52.40,760.62,760.62,760.62,760.62,760.62,760.62
52.50,760.62,760.62,760.62,760.62,760.62,760.62
52.60,760.62,760.62,760.62,760.62,760.62,760.62
52.70,760.62,760.62,760.62,760.62,760.62,760.62
52.80,760.62,760.62,760.62,760.62,760.62,760.62
52.90,760.62,760.62,760.62,760.62,760.62,760.62
53.00,760.62,760.62,760.62,760.62,760.62,760.62
53.10,760.62,760.62,760.62,760.62,760.62,760.62
53.20,760.62,760.62,760.62,760.62,760.62,760.62
53.30,760.62,760.62,760.62,760.62,760.62,760.62
53.40,760.62,760.62,760.62,760.62,760.62,760.62
53.50,760.62,760.62,760.62,760.62,760.62,760.62
53.60,760.62,760.62,760.62,760.62,760.62,760.62
53.70,760.62,760.62,760.62,760.62,760.62,760.62
53.80,760.62,760.62,760.62,760.62,760.62,760.62
53.90,760.62,760.62,760.62,760.62,760.62,760.62
54.00,760.62,760.62,760.62,760.62,760.62,760.62
54.10,760.62,760.62,760.62,760.62,760.62,760.62
54.20,760.62,760.62,760.62,760.62,760.62,760.62
54.30,760.62,760.62,760.62,760.62,760.62,760.62
54.40,760.62,760.62,760.62,760.62,760.62,760.62
54.50,760.62,760.62,760.62,760.62,760.62,760.62
54.60,760.62,760.62,760.62,760.62,760.62,760.62
54.70,760.62,760.62,760.62,760.62,760.62,760.62
54.80,760.62,760.62,760.62,760.62,760.62,760.62
54.90,760.62,760.62,760.62,760.62,760.62,760.62
55.00,760.62,760.62,760.62,760.62,760.62,760.62
55.10,760.62,760.62,760.62,760.62,760.62,760.62
55.20,760.62,760.62,760.62,760.62,760.62,760.62
55.30,760.62,760.62,760.62,760.62,760.62,760.62
55.40,760.62,760.62,760.62,760.62,760.62,760.62
55.50,760.62,760.62,760.62,760.62,760.62,760.62
55.60,760.62,760.62,760.62,760.62,760.62,760.62
55.70,760.62,760.62,760.62,760.62,760.62,760.62
55.80,760.62,760.62,760.62,760.62,760.62,760.62
55.90,760.62,760.62,760.62,760.62,760.62,760.62
56.00,760.62,760.62,760.62,760.62,760.62,760.62
56.10,760.62,760.62,760.62,760.62,760.62,760.62
56.20,760.62,760.62,760.62,760.62,760.62,760.62
56.30,760.62,760.62,760.62,760.62,760.62,760.62
56.40,760.62,760.62,760.62,760.62,760.62,760.62
56.50,760.62,760.62,760.62,760.62,760.62,760.62
56.60,760.62,760.62,760.62,760.62,760.62,760.62
56.70,760.62,760.62,760.62,760.62,760.62,760.62
56.80,760.62,760.62,760.62,760.62,760.62,760.62
56.90,760.62,760.62,760.62,760.62,760.62,760.62
57.00,760.62,760.62,760.62,760.62,760.62,760.62
57.10,760.62,760.62,760.62,760.62,760.62,760.62
57.20,760.62,760.62,760.62,760.62,760.62,760.62
57.30,760.62,760.62,760.62,760.62,760.62,760.62
57.40,760.62,760.62,760.62,760.62,760.62,760.62
57.50,760.62,760.62,760.62,760.62,760.62,760.62
57.60,760.62,760.62,760.62,760.62,760.62,760.62
57.70,760.62,760.62,760.62,760.62,760.62,760.62
57.80,760.62,760.62,760.62,760.62,760.62,760.62
57.90,760.62,760.62,760.62,760.62,760.62,760.62
58.00,760.62,760.62,760.62,760.62,760.62,760.62
58.10,760.62,760.62,760.62,760.62,760.62,760.62
58.20,760.62,760.62,760.62,760.62,760.62,760.62
58.30,760.62,760.62,760.62,760.62,760.62,760.62
58.40,760.62,760.62,760.62,760.62,760.62,760.62
58.50,760.62,760.62,760.62,760.62,760.62,760.62
58.60,760.62,760.62,760.62,760.62,760.62,760.62
58.70,760.62,760.62,760.62,760.62,760.62,760.62
58.80,760.62,760.62,760.62,760.62,760.62,760.62
58.90,760.62,760.62,760.62,760.62,760.62,760.62
59.00,760.62,760.62,760.62,760.62,760.62,760.62
59.10,760.62,760.62,760.62,760.62,760.62,760.62
59.20,760.62,760.62,760.62,760.62,760.62,760.62
59.30,760.62,760.62,760.62,760.62,760.62,760.62
59.40,760.62,760.62,760.62,760.62,760.62,760.62
59.50,760.62,760.62,760.62,760.62,760.62,760.62
59.60,760.62,760.62,760.62,760.62,760.62,760.62
59.70,760.62,760.62,760.62,760.62,760.62,760.62
59.80,760.62,760.62,760.62,760.62,760.62,760.62
59.90,760.62,760.62,760.62,760.62,760.62,760.62
60.00,760.62,760.62,760.62,760.62,760.62,760.62
