freq_hz,target_uohm,caps_0_uohm,caps_110_uohm,caps_220_uohm,caps_440_uohm,caps_880_uohm
1000,42.67,35,35,35,35,35
1023.29,42.67,35,35,35,35,35
1047.13,42.67,35,35,35,35,35
1071.52,42.67,35,35,35,35,35
1096.48,42.67,35,35,35,35,35
1122.02,42.67,35,35,35,35,35
1148.15,42.67,35,35,35,35,35
1174.9,42.67,35,35,35,35,35
1202.26,42.67,35,35,35,35,35
1230.27,42.67,35,35,35,35,35
1258.93,42.67,35,35,35,35,35
1288.25,42.67,35,35,35,35,35
1318.26,42.67,35,35,35,35,35
1348.96,42.67,35,35,35,35,35
1380.38,42.67,35,35,35,35,35
1412.54,42.67,35,35,35,35,35
1445.44,42.67,35,35,35,35,35
1479.11,42.67,35,35,35,35,35
1513.56,42.67,35,35,35,35,35
1548.82,42.67,35,35,35,35,35
1584.89,42.67,35,35,35,35,35
1621.81,42.67,35,35,35,35,35
1659.59,42.67,35,35,35,35,35
1698.24,42.67,35,35,35,35,35
1737.8,42.67,35,35,35,35,35
1778.28,42.67,35,35,35,35,35
1819.7,42.67,35,35,35,35,35
1862.09,42.67,35,35,35,35,35
1905.46,42.67,35,35,35,35,35
1949.84,42.67,35,35,35,35,35
1995.26,42.67,35,35,35,35,35
2041.74,42.67,35,35,35,35,35
2089.3,42.67,35,35,35,35,35
2137.96,42.67,35,35,35,35,35
2187.76,42.67,35,35,35,35,35
2238.72,42.67,35,35,35,35,35
2290.87,42.67,35,35,35,35,35
2344.23,42.67,35,35,35,35,35
2398.83,42.67,35,35,35,35,35
2454.71,42.67,35,35,35,35,35
2511.89,42.67,35,35,35,35,35
2570.4,42.67,35,35,35,35,35
2630.27,42.67,35,35,35,35,35
2691.53,42.67,35,35,35,35,35
2754.23,42.67,35,35,35,35,35
2818.38,42.67,35,35,35,35,35.01
2884.03,42.67,35,35,35.01,35.01,35.01
2951.21,42.67,35.01,35.01,35.01,35.01,35.01
3019.95,42.67,35.01,35.01,35.01,35.01,35.01
3090.3,42.67,35.01,35.01,35.01,35.01,35.01
3162.28,42.67,35.01,35.01,35.01,35.01,35.01
3235.94,42.67,35.01,35.01,35.01,35.01,35.01
3311.31,42.67,35.01,35.01,35.01,35.01,35.01
3388.44,42.67,35.01,35.01,35.01,35.01,35.01
3467.37,42.67,35.01,35.01,35.01,35.01,35.01
3548.13,42.67,35.01,35.01,35.01,35.01,35.01
3630.78,42.67,35.01,35.01,35.01,35.01,35.01
3715.35,42.67,35.01,35.01,35.01,35.01,35.01
3801.89,42.67,35.01,35.01,35.01,35.01,35.01
3890.45,42.67,35.01,35.01,35.01,35.01,35.01
3981.07,42.67,35.01,35.01,35.01,35.01,35.01
4073.8,42.67,35.01,35.01,35.01,35.01,35.01
4168.69,42.67,35.01,35.01,35.01,35.01,35.01
4265.8,42.67,35.01,35.01,35.01,35.01,35.01
4365.16,42.67,35.01,35.01,35.01,35.01,35.01
4466.84,42.67,35.01,35.01,35.01,35.01,35.01
4570.88,42.67,35.01,35.01,35.01,35.01,35.01
4677.35,42.67,35.01,35.01,35.01,35.01,35.01
4786.3,42.67,35.01,35.01,35.01,35.01,35.02
4897.79,42.67,35.01,35.01,35.01,35.01,35.02
5011.87,42.67,35.01,35.02,35.02,35.02,35.02
5128.61,42.67,35.02,35.02,35.02,35.02,35.02
5248.07,42.67,35.02,35.02,35.02,35.02,35.02
5370.32,42.67,35.02,35.02,35.02,35.02,35.02
5495.41,42.67,35.02,35.02,35.02,35.02,35.02
5623.41,42.67,35.02,35.02,35.02,35.02,35.02
5754.4,42.67,35.02,35.02,35.02,35.02,35.02
5888.44,42.67,35.02,35.02,35.02,35.02,35.02
6025.6,42.67,35.02,35.02,35.02,35.02,35.02
6165.95,42.67,35.02,35.02,35.02,35.02,35.03
6309.57,42.67,35.02,35.02,35.02,35.02,35.03
6456.54,42.67,35.02,35.02,35.03,35.03,35.03
6606.93,42.67,35.03,35.03,35.03,35.03,35.03
6760.83,42.67,35.03,35.03,35.03,35.03,35.03
6918.31,42.67,35.03,35.03,35.03,35.03,35.03
7079.46,42.67,35.03,35.03,35.03,35.03,35.03
7244.36,42.67,35.03,35.03,35.03,35.03,35.03
7413.1,42.67,35.03,35.03,35.03,35.03,35.04
7585.78,42.67,35.03,35.03,35.03,35.04,35.04
7762.47,42.67,35.04,35.04,35.04,35.04,35.04
7943.28,42.67,35.04,35.04,35.04,35.04,35.04
8128.31,42.67,35.04,35.04,35.04,35.04,35.04
8317.64,42.67,35.04,35.04,35.04,35.04,35.05
8511.38,42.67,35.04,35.04,35.04,35.05,35.05
8709.64,42.67,35.04,35.05,35.05,35.05,35.05
8912.51,42.67,35.05,35.05,35.05,35.05,35.05
9120.11,42.67,35.05,35.05,35.05,35.05,35.05
9332.54,42.67,35.05,35.05,35.05,35.05,35.06
9549.93,42.67,35.05,35.05,35.06,35.06,35.06
9772.37,42.67,35.06,35.06,35.06,35.06,35.06
10000,42.67,35.06,35.06,35.06,35.06,35.07
10232.9,42.67,35.06,35.06,35.06,35.07,35.07
10471.3,42.67,35.06,35.07,35.07,35.07,35.07
10715.2,42.67,35.07,35.07,35.07,35.07,35.08
10964.8,42.67,35.07,35.07,35.07,35.08,35.08
11220.2,42.67,35.07,35.08,35.08,35.08,35.08
11481.5,42.67,35.08,35.08,35.08,35.08,35.09
11749,42.67,35.08,35.08,35.08,35.09,35.09
12022.6,42.67,35.09,35.09,35.09,35.09,35.1
12302.7,42.67,35.09,35.09,35.09,35.09,35.1
12589.3,42.67,35.09,35.1,35.1,35.1,35.1
12882.5,42.67,35.1,35.1,35.1,35.1,35.11
13182.6,42.67,35.1,35.1,35.11,35.11,35.12
13489.6,42.67,35.11,35.11,35.11,35.11,35.12
13803.8,42.67,35.11,35.11,35.12,35.12,35.13
14125.4,42.67,35.12,35.12,35.12,35.13,35.13
14454.4,42.67,35.12,35.13,35.13,35.13,35.14
14791.1,42.67,35.13,35.13,35.13,35.14,35.15
15135.6,42.67,35.14,35.14,35.14,35.14,35.15
15488.2,42.67,35.14,35.14,35.15,35.15,35.16
15848.9,42.67,35.15,35.15,35.15,35.16,35.17
16218.1,42.67,35.16,35.16,35.16,35.17,35.17
16595.9,42.67,35.16,35.17,35.17,35.17,35.18
16982.4,42.67,35.17,35.17,35.18,35.18,35.19
17378,42.67,35.18,35.18,35.18,35.19,35.2
17782.8,42.67,35.19,35.19,35.19,35.2,35.21
18197,42.67,35.2,35.2,35.2,35.21,35.22
18620.9,42.67,35.21,35.21,35.21,35.22,35.23
19054.6,42.67,35.22,35.22,35.22,35.23,35.24
19498.4,42.67,35.23,35.23,35.23,35.24,35.25
19952.6,42.67,35.24,35.24,35.24,35.25,35.27
20417.4,42.67,35.25,35.25,35.26,35.26,35.28
20893,42.67,35.26,35.26,35.27,35.28,35.29
21379.6,42.67,35.27,35.28,35.28,35.29,35.3
21877.6,42.67,35.28,35.29,35.29,35.3,35.32
22387.2,42.67,35.3,35.3,35.31,35.32,35.33
22908.7,42.67,35.31,35.32,35.32,35.33,35.35
23442.3,42.67,35.33,35.33,35.34,35.35,35.37
23988.3,42.67,35.34,35.35,35.35,35.36,35.38
24547.1,42.67,35.36,35.37,35.37,35.38,35.4
25118.9,42.67,35.38,35.38,35.39,35.4,35.42
25704,42.67,35.39,35.4,35.41,35.42,35.44
26302.7,42.67,35.41,35.42,35.43,35.44,35.46
26915.3,42.67,35.43,35.44,35.45,35.46,35.49
27542.3,42.67,35.45,35.46,35.47,35.48,35.51
28183.8,42.67,35.48,35.48,35.49,35.5,35.53
28840.3,42.67,35.5,35.51,35.51,35.53,35.56
29512.1,42.67,35.52,35.53,35.54,35.55,35.59
30199.5,42.67,35.55,35.56,35.56,35.58,35.61
30903,42.67,35.57,35.58,35.59,35.61,35.64
31622.8,42.67,35.6,35.61,35.62,35.64,35.67
32359.4,42.67,35.63,35.64,35.65,35.67,35.71
33113.1,42.67,35.66,35.67,35.68,35.7,35.74
33884.4,42.67,35.69,35.7,35.71,35.73,35.78
34673.7,42.67,35.73,35.74,35.75,35.77,35.81
35481.3,42.67,35.76,35.77,35.78,35.81,35.85
36307.8,42.67,35.8,35.81,35.82,35.85,35.89
37153.5,42.67,35.83,35.85,35.86,35.89,35.94
38018.9,42.67,35.87,35.89,35.9,35.93,35.98
38904.5,42.67,35.92,35.93,35.94,35.97,36.03
39810.7,42.67,35.96,35.98,35.99,36.02,36.08
40738,42.67,36.01,36.02,36.04,36.07,36.13
41686.9,42.67,36.06,36.07,36.09,36.12,36.18
42658,42.67,36.11,36.12,36.14,36.17,36.24
43651.6,42.67,36.16,36.18,36.19,36.23,36.3
44668.4,42.67,36.21,36.23,36.25,36.29,36.36
45708.8,42.67,36.27,36.29,36.31,36.35,36.43
46773.5,42.67,36.33,36.35,36.38,36.42,36.5
47863,42.67,36.4,36.42,36.44,36.48,36.57
48977.9,42.67,36.46,36.49,36.51,36.56,36.64
50118.7,42.67,36.54,36.56,36.58,36.63,36.72
51286.1,42.67,36.61,36.63,36.66,36.71,36.81
52480.7,42.67,36.69,36.71,36.74,36.79,36.89
53703.2,42.67,36.77,36.79,36.82,36.88,36.98
54954.1,42.67,36.85,36.88,36.91,36.97,37.08
56234.1,42.67,36.94,36.97,37,37.06,37.18
57544,42.67,37.03,37.06,37.1,37.16,37.29
58884.4,42.67,37.13,37.16,37.2,37.26,37.4
60256,42.67,37.23,37.27,37.3,37.37,37.51
61659.5,42.67,37.34,37.37,37.41,37.49,37.63
63095.7,42.67,37.45,37.49,37.53,37.6,37.76
64565.4,42.67,37.56,37.61,37.65,37.73,37.89
66069.3,42.67,37.69,37.73,37.77,37.86,38.03
67608.3,42.67,37.81,37.86,37.9,37.99,38.17
69183.1,42.67,37.95,37.99,38.04,38.14,38.32
70794.6,42.67,38.09,38.14,38.19,38.29,38.48
72443.6,42.67,38.23,38.28,38.34,38.44,38.65
74131,42.67,38.38,38.44,38.49,38.61,38.82
75857.8,42.67,38.54,38.6,38.66,38.78,39
77624.7,42.67,38.71,38.77,38.83,38.95,39.2
79432.8,42.67,38.88,38.95,39.01,39.14,39.39
81283.1,42.67,39.06,39.13,39.2,39.33,39.6
83176.4,42.67,39.25,39.32,39.39,39.54,39.82
85113.8,42.67,39.45,39.52,39.6,39.75,40.05
87096.4,42.67,39.65,39.73,39.81,39.97,40.29
89125.1,42.67,39.87,39.95,40.04,40.2,40.54
91201.1,42.67,40.09,40.18,40.27,40.45,40.8
93325.4,42.67,40.33,40.42,40.51,40.7,41.07
95499.3,42.67,40.57,40.67,40.77,40.96,41.35
97723.7,42.67,40.82,40.93,41.03,41.24,41.65
100000,42.67,41.09,41.2,41.31,41.53,41.96
102329,42.67,41.36,41.48,41.6,41.83,42.28
104713,42.67,41.65,41.77,41.9,42.14,42.62
107152,42.67,41.95,42.08,42.21,42.47,42.97
109648,42.67,42.26,42.4,42.54,42.81,43.34
112202,42.67,42.59,42.73,42.87,43.16,43.73
114815,42.67,42.92,43.08,43.23,43.53,44.13
117490,42.67,43.28,43.44,43.6,43.92,44.55
120226,42.67,43.64,43.81,43.98,44.32,44.99
123027,42.67,44.02,44.2,44.38,44.74,45.45
125893,42.67,44.41,44.6,44.79,45.17,45.92
128825,42.67,44.83,45.03,45.23,45.63,46.42
131826,42.67,45.25,45.46,45.67,46.1,46.94
134896,42.67,45.69,45.92,46.14,46.59,47.48
138038,42.67,46.15,46.39,46.63,47.1,48.05
141254,42.67,46.63,46.88,47.13,47.64,48.64
144544,42.67,47.13,47.39,47.66,48.19,49.25
147911,42.67,47.64,47.92,48.2,48.77,49.89
151356,42.67,48.17,48.47,48.77,49.37,50.56
154882,42.67,48.73,49.04,49.36,49.99,51.26
158489,42.67,49.3,49.64,49.97,50.64,51.98
162181,42.67,49.9,50.25,50.6,51.32,52.74
165959,42.67,50.51,50.89,51.26,52.02,53.53
169824,42.67,51.15,51.55,51.95,52.75,54.36
173780,42.67,51.81,52.24,52.66,53.51,55.21
177828,42.67,52.5,52.95,53.4,54.3,56.11
181970,42.67,53.21,53.68,54.16,55.12,57.04
186209,42.67,53.95,54.45,54.95,55.97,58.01
190546,42.67,54.71,55.24,55.78,56.85,59.03
194984,42.67,55.5,56.06,56.63,57.77,60.08
199526,42.67,56.31,56.91,57.51,58.73,61.18
204174,42.67,57.15,57.79,58.43,59.72,62.33
208930,42.67,58.03,58.7,59.38,60.75,63.52
213796,42.67,58.93,59.64,60.37,61.82,64.76
218776,42.67,59.86,60.62,61.39,62.94,66.06
223872,42.67,60.82,61.63,62.45,64.09,67.4
229087,42.67,61.82,62.68,63.54,65.29,68.81
234423,42.67,62.85,63.76,64.68,66.53,70.26
239883,42.67,63.92,64.88,65.86,67.82,71.78
245471,42.67,65.01,66.04,67.07,69.16,73.35
251189,42.67,66.15,67.24,68.33,70.55,74.99
257040,42.67,67.32,68.47,69.64,71.99,76.69
263027,42.67,68.53,69.75,70.99,73.49,78.45
269153,42.67,69.78,71.08,72.39,75.03,80.27
275423,42.67,71.07,72.44,73.83,76.64,82.15
281838,42.67,72.39,73.85,75.33,78.29,84.08
288403,42.67,73.76,75.31,76.87,80.01,86.08
295121,42.67,75.18,76.81,78.46,81.78,88.13
301995,42.67,76.63,78.36,80.11,83.6,90.22
309030,42.67,78.13,79.96,81.8,85.48,92.36
316228,42.67,79.67,81.6,83.55,87.42,94.52
323594,42.67,81.25,83.3,85.35,89.4,96.71
331131,42.67,82.88,85.04,87.19,91.44,98.89
338844,42.67,84.55,86.82,89.09,93.52,101.1
346737,42.67,86.26,88.65,91.03,95.63,103.2
354813,42.67,88.02,90.52,93.01,97.78,105.3
363078,42.67,89.81,92.44,95.03,99.94,107.3
371535,42.67,91.64,94.38,97.07,102.1,109.2
380189,42.67,93.51,96.36,99.15,104.3,110.9
389045,42.67,95.4,98.37,101.2,106.4,112.4
398107,42.67,97.31,100.4,103.3,108.5,113.7
407380,42.67,99.25,102.4,105.4,110.5,114.7
416869,42.67,101.2,104.4,107.5,112.4,115.5
426580,42.67,103.1,106.4,109.5,114.2,115.9
436516,42.67,105,108.4,111.4,115.9,115.9
446684,42.67,106.9,110.3,113.2,117.3,115.6
457088,42.67,108.8,112.1,114.9,118.5,114.9
467735,42.67,110.6,113.8,116.5,119.4,113.8
478630,42.67,112.2,115.4,117.9,120,112.4
489779,42.67,113.8,116.8,119,120.3,110.6
501187,42.67,115.2,118,119.9,120.3,108.5
512861,42.67,116.5,119,120.5,119.8,106.2
524807,42.67,117.5,119.7,120.8,119,103.6
537032,42.67,118.3,120.1,120.7,117.8,100.9
549541,42.67,118.8,120.2,120.2,116.2,97.98
562341,42.67,119.1,120,119.4,114.3,94.97
575440,42.67,118.9,119.3,118.2,112,91.91
588844,42.67,118.5,118.3,116.6,109.5,88.81
602560,42.67,117.6,116.9,114.7,106.7,85.7
616595,42.67,116.4,115.1,112.4,103.7,82.63
630957,42.67,114.8,113,109.8,100.6,79.59
645654,42.67,112.8,110.6,107,97.39,76.62
660693,42.67,110.5,107.8,104,94.09,73.72
676083,42.67,107.9,104.9,100.8,90.76,70.9
691831,42.67,105.1,101.7,97.43,87.42,68.19
707946,42.67,102,98.42,94.03,84.12,65.57
724436,42.67,98.73,95.01,90.59,80.87,63.06
741310,42.67,95.33,91.54,87.14,77.69,60.66
758578,42.67,91.85,88.04,83.73,74.61,58.37
776247,42.67,88.33,84.57,80.38,71.64,56.19
794328,42.67,84.81,81.14,77.11,68.78,54.14
812831,42.67,81.33,77.8,73.95,66.06,52.2
831764,42.67,77.93,74.56,70.92,63.47,50.38
851138,42.67,74.63,71.45,68.03,61.03,48.69
870964,42.67,71.46,68.49,65.29,58.75,47.12
891251,42.67,68.45,65.69,62.72,56.63,45.68
912011,42.67,65.6,63.07,60.33,54.68,44.37
933254,42.67,62.95,60.64,58.13,52.9,43.21
954993,42.67,60.5,58.41,56.13,51.3,42.19
977237,42.67,58.26,56.4,54.33,49.89,41.31
1e+06,42.67,56.24,54.6,52.74,48.67,40.6
1.02329e+06,42.67,54.46,53.02,51.37,47.66,40.05
1.04713e+06,42.67,52.91,51.68,50.22,46.86,39.67
1.07152e+06,42.67,51.6,50.58,49.31,46.27,39.47
1.09648e+06,42.67,50.54,49.71,48.63,45.9,39.46
1.12202e+06,42.67,49.71,49.08,48.18,45.77,39.65
1.14815e+06,42.67,49.12,48.68,47.98,45.86,40.03
1.1749e+06,42.67,48.77,48.53,48,46.2,40.62
1.20226e+06,42.67,48.63,48.6,48.27,46.77,41.42
1.23027e+06,42.67,48.72,48.89,48.76,47.59,42.43
1.25893e+06,42.67,49,49.4,49.49,48.66,43.65
1.28825e+06,42.67,49.48,50.12,50.43,49.97,45.07
1.31826e+06,42.67,50.14,51.03,51.6,51.53,46.68
1.34896e+06,42.67,50.96,52.14,52.98,53.35,48.46
1.38038e+06,42.67,51.94,53.43,54.57,55.42,50.39
1.41254e+06,42.67,53.07,54.89,56.37,57.74,52.42
1.44544e+06,42.67,54.32,56.51,58.38,60.32,54.51
1.47911e+06,42.67,55.7,58.3,60.58,63.17,56.58
1.51356e+06,42.67,57.19,60.25,63,66.28,58.55
1.54882e+06,42.67,58.79,62.34,65.63,69.65,60.33
1.58489e+06,42.67,60.49,64.59,68.47,73.29,61.81
1.62181e+06,42.67,62.27,66.99,71.53,77.17,62.9
1.65959e+06,42.67,64.15,69.54,74.81,81.27,63.52
1.69824e+06,42.67,66.11,72.24,78.34,85.57,63.61
1.7378e+06,42.67,68.15,75.1,82.12,90,63.17
1.77828e+06,42.67,70.26,78.12,86.15,94.49,62.22
1.8197e+06,42.67,72.46,81.31,90.46,98.92,60.83
1.86209e+06,42.67,74.72,84.68,95.06,103.2,59.07
1.90546e+06,42.67,77.06,88.23,99.96,107,57.05
1.94984e+06,42.67,79.48,91.97,105.2,110.3,54.85
1.99526e+06,42.67,81.96,95.92,110.7,112.9,52.56
2.04174e+06,42.67,84.53,100.1,116.5,114.5,50.22
2.0893e+06,42.67,87.16,104.5,122.7,115.2,47.91
2.13796e+06,42.67,89.88,109.1,129.1,114.7,45.66
2.18776e+06,42.67,92.68,114.1,135.7,113.2,43.48
2.23872e+06,42.67,95.55,119.2,142.5,110.8,41.4
2.29087e+06,42.67,98.51,124.7,149.3,107.6,39.44
2.34423e+06,42.67,101.6,130.5,155.9,103.8,37.58
2.39883e+06,42.67,104.7,136.7,162.3,99.69,35.85
2.45471e+06,42.67,107.9,143.2,168.1,95.35,34.23
2.51189e+06,42.67,111.3,150,173,90.93,32.72
2.5704e+06,42.67,114.7,157.2,176.8,86.54,31.33
2.63027e+06,42.67,118.2,164.8,179.2,82.26,30.05
2.69153e+06,42.67,121.9,172.7,180.2,78.13,28.87
2.75423e+06,42.67,125.7,181,179.5,74.2,27.8
2.81838e+06,42.67,129.6,189.4,177.3,70.47,26.83
2.88403e+06,42.67,133.6,198.1,173.7,66.95,25.96
2.95121e+06,42.67,137.8,206.7,168.9,63.65,25.19
3.01995e+06,42.67,142.1,215.3,163.3,60.57,24.51
3.0903e+06,42.67,146.5,223.4,157,57.69,23.93
3.16228e+06,42.67,151.2,231,150.4,55,23.45
3.23594e+06,42.67,156,237.6,143.7,52.51,23.05
3.31131e+06,42.67,161,243.1,137,50.2,22.74
3.38844e+06,42.67,166.1,247,130.4,48.07,22.52
3.46737e+06,42.67,171.5,249.2,124,46.1,22.39
3.54813e+06,42.67,177.2,249.5,118,44.29,22.34
3.63078e+06,42.67,183,248,112.2,42.63,22.36
3.71535e+06,42.67,189.1,244.7,106.8,41.13,22.47
3.80189e+06,42.67,195.5,239.8,101.7,39.77,22.65
3.89045e+06,42.67,202.2,233.5,96.98,38.55,22.9
3.98107e+06,42.67,209.2,226.3,92.55,37.48,23.21
4.0738e+06,42.67,216.5,218.4,88.42,36.54,23.6
4.16869e+06,42.67,224.2,210.1,84.59,35.73,24.04
4.2658e+06,42.67,232.3,201.7,81.05,35.06,24.54
4.36516e+06,42.67,240.9,193.2,77.77,34.51,25.09
4.46684e+06,42.67,249.9,184.9,74.76,34.1,25.7
4.57088e+06,42.67,259.4,176.9,71.99,33.81,26.36
4.67735e+06,42.67,269.5,169.2,69.47,33.65,27.07
4.7863e+06,42.67,280.2,162,67.17,33.61,27.82
4.89779e+06,42.67,291.6,155.1,65.1,33.68,28.61
5.01187e+06,42.67,303.7,148.7,63.24,33.87,29.45
5.12861e+06,42.67,316.6,142.7,61.6,34.17,30.34
5.24807e+06,42.67,330.5,137.1,60.16,34.58,31.26
5.37032e+06,42.67,345.4,132,58.93,35.08,32.22
5.49541e+06,42.67,361.4,127.3,57.91,35.69,33.22
5.62341e+06,42.67,378.7,122.9,57.07,36.39,34.27
5.7544e+06,42.67,397.5,119,56.44,37.19,35.35
5.88844e+06,42.67,417.8,115.4,55.99,38.07,36.47
6.0256e+06,42.67,440.1,112.2,55.74,39.03,37.64
6.16595e+06,42.67,464.5,109.3,55.67,40.08,38.84
6.30957e+06,42.67,491.3,106.8,55.78,41.21,40.09
6.45654e+06,42.67,520.9,104.7,56.07,42.42,41.38
6.60693e+06,42.67,553.8,102.8,56.53,43.7,42.72
6.76083e+06,42.67,590.6,101.3,57.17,45.05,44.1
6.91831e+06,42.67,631.9,100.2,57.97,46.49,45.53
7.07946e+06,42.67,678.6,99.3,58.94,47.99,47
7.24436e+06,42.67,731.7,98.76,60.07,49.57,48.53
7.4131e+06,42.67,792.4,98.53,61.35,51.23,50.11
7.58578e+06,42.67,862.4,98.6,62.79,52.96,51.75
7.76247e+06,42.67,943.4,98.99,64.38,54.77,53.44
7.94328e+06,42.67,1038,99.67,66.11,56.66,55.2
8.12831e+06,42.67,1147,100.6,68,58.63,57.02
8.31764e+06,42.67,1274,101.9,70.03,60.68,58.9
8.51138e+06,42.67,1418,103.5,72.21,62.82,60.86
8.70964e+06,42.67,1575,105.4,74.54,65.05,62.89
8.91251e+06,42.67,1733,107.5,77.02,67.38,65
9.12011e+06,42.67,1867,109.9,79.65,69.8,67.19
9.33254e+06,42.67,1944,112.7,82.43,72.33,69.47
9.54993e+06,42.67,1938,115.7,85.38,74.97,71.84
9.77237e+06,42.67,1854,119,88.5,77.73,74.32
1e+07,42.67,1716,122.6,91.78,80.61,76.9
1.02329e+07,42.67,1559,126.5,95.25,83.62,79.59
1.04713e+07,42.67,1405,130.8,98.9,86.77,82.41
1.07152e+07,42.67,1264,135.3,102.7,90.07,85.35
1.09648e+07,42.67,1141,140.2,106.8,93.52,88.43
1.12202e+07,42.67,1034,145.4,111.1,97.15,91.66
1.14815e+07,42.67,942.4,150.9,115.6,101,95.05
1.1749e+07,42.67,863.5,156.9,120.4,105,98.62
1.20226e+07,42.67,795.3,163.2,125.4,109.2,102.4
1.23027e+07,42.67,736,169.8,130.7,113.6,106.3
1.25893e+07,42.67,684.2,176.9,136.3,118.3,110.5
1.28825e+07,42.67,638.6,184.5,142.3,123.3,114.9
1.31826e+07,42.67,598.2,192.4,148.6,128.5,119.5
1.34896e+07,42.67,562.2,200.8,155.2,134,124.5
1.38038e+07,42.67,530,209.6,162.3,139.9,129.7
1.41254e+07,42.67,500.9,218.9,169.8,146.2,135.3
1.44544e+07,42.67,474.7,228.6,177.7,152.8,141.2
1.47911e+07,42.67,450.8,238.7,186.1,159.9,147.5
1.51356e+07,42.67,429.1,249.1,195,167.4,154.2
1.54882e+07,42.67,409.1,259.8,204.4,175.4,161.4
1.58489e+07,42.67,390.8,270.7,214.3,183.9,169
1.62181e+07,42.67,373.9,281.7,224.8,193.1,177.3
1.65959e+07,42.67,358.2,292.5,235.7,202.8,186.1
1.69824e+07,42.67,343.7,302.9,247.1,213.1,195.5
1.7378e+07,42.67,330.2,312.8,258.9,224,205.5
1.77828e+07,42.67,317.6,321.8,271,235.6,216.3
1.8197e+07,42.67,305.8,329.6,283.1,247.7,227.8
1.86209e+07,42.67,294.7,336,295.1,260.4,240
1.90546e+07,42.67,284.4,340.7,306.8,273.6,252.9
1.94984e+07,42.67,274.6,343.5,317.6,286.9,266.4
1.99526e+07,42.67,265.4,344.3,327.4,300.3,280.5
2.04174e+07,42.67,256.7,343.1,335.6,313.3,294.8
2.0893e+07,42.67,248.5,340,342,325.5,309.2
2.13796e+07,42.67,240.7,335.2,346.1,336.5,323.2
2.18776e+07,42.67,233.4,328.9,347.8,345.7,336.2
2.23872e+07,42.67,226.4,321.4,347.1,352.7,347.8
2.29087e+07,42.67,219.7,313,343.9,356.9,357.2
2.34423e+07,42.67,213.4,304,338.7,358.2,363.9
2.39883e+07,42.67,207.3,294.5,331.6,356.6,367.5
2.45471e+07,42.67,201.6,284.8,323.1,352.1,367.6
2.51189e+07,42.67,196.1,275.1,313.5,345.3,364.4
2.5704e+07,42.67,190.9,265.5,303.2,336.4,358.2
2.63027e+07,42.67,185.8,256.1,292.5,326,349.4
2.69153e+07,42.67,181,247,281.7,314.7,338.7
2.75423e+07,42.67,176.4,238.2,271,302.8,326.7
2.81838e+07,42.67,172,229.8,260.5,290.8,313.9
2.88403e+07,42.67,167.8,221.7,250.4,278.8,300.8
2.95121e+07,42.67,163.7,214,240.6,267.1,287.7
3.01995e+07,42.67,159.9,206.7,231.3,255.8,275
3.0903e+07,42.67,156.1,199.7,222.5,245.1,262.7
3.16228e+07,42.67,152.5,193.1,214.1,234.8,251
3.23594e+07,42.67,149.1,186.8,206.1,225.2,240
3.31131e+07,42.67,145.7,180.9,198.7,216.1,229.6
3.38844e+07,42.67,142.6,175.2,191.6,207.5,219.8
3.46737e+07,42.67,139.5,169.9,185,199.5,210.7
3.54813e+07,42.67,136.5,164.8,178.7,192,202.1
3.63078e+07,42.67,133.7,160,172.8,184.9,194.2
3.71535e+07,42.67,130.9,155.5,167.2,178.3,186.8
3.80189e+07,42.67,128.3,151.1,162,172.1,179.8
3.89045e+07,42.67,125.7,147,157,166.3,173.3
3.98107e+07,42.67,123.3,143.1,152.3,160.9,167.3
4.0738e+07,42.67,120.9,139.4,147.9,155.8,161.6
4.16869e+07,42.67,118.6,135.9,143.8,151,156.3
4.2658e+07,42.67,116.4,132.6,139.8,146.5,151.3
4.36516e+07,42.67,114.3,129.4,136.1,142.2,146.7
4.46684e+07,42.67,112.2,126.3,132.5,138.2,142.3
4.57088e+07,42.67,110.3,123.4,129.2,134.4,138.2
4.67735e+07,42.67,108.4,120.7,126,130.8,134.3
4.7863e+07,42.67,106.5,118,123,127.4,130.6
4.89779e+07,42.67,104.8,115.5,120.1,124.2,127.2
5.01187e+07,42.67,103,113.1,117.4,121.2,124
5.12861e+07,42.67,101.4,110.9,114.8,118.4,120.9
5.24807e+07,42.67,99.81,108.7,112.4,115.6,118
5.37032e+07,42.67,98.27,106.6,110,113.1,115.2
5.49541e+07,42.67,96.8,104.6,107.8,110.6,112.6
5.62341e+07,42.67,95.37,102.7,105.7,108.3,110.2
5.7544e+07,42.67,93.99,100.9,103.7,106.1,107.8
5.88844e+07,42.67,92.67,99.12,101.7,104,105.6
6.0256e+07,42.67,91.39,97.45,99.9,102,103.5
6.16595e+07,42.67,90.16,95.85,98.14,100.1,101.5
6.30957e+07,42.67,88.97,94.32,96.47,98.32,99.62
6.45654e+07,42.67,87.83,92.86,94.87,96.6,97.82
6.60693e+07,42.67,86.72,91.46,93.35,94.96,96.1
6.76083e+07,42.67,85.66,90.12,91.89,93.4,94.47
6.91831e+07,42.67,84.64,88.84,90.5,91.92,92.91
7.07946e+07,42.67,83.65,87.61,89.17,90.5,91.42
7.24436e+07,42.67,82.7,86.43,87.89,89.14,90.01
7.4131e+07,42.67,81.79,85.31,86.68,87.85,88.66
7.58578e+07,42.67,80.91,84.23,85.52,86.62,87.38
7.76247e+07,42.67,80.06,83.19,84.41,85.44,86.16
7.94328e+07,42.67,79.24,82.2,83.34,84.31,84.99
8.12831e+07,42.67,78.46,81.25,82.33,83.24,83.87
8.31764e+07,42.67,77.7,80.34,81.35,82.21,82.81
8.51138e+07,42.67,76.98,79.47,80.42,81.23,81.79
8.70964e+07,42.67,76.28,78.63,79.53,80.3,80.82
8.91251e+07,42.67,75.61,77.83,78.68,79.4,79.9
9.12011e+07,42.67,74.96,77.07,77.87,78.55,79.01
9.33254e+07,42.67,74.34,76.33,77.09,77.73,78.17
9.54993e+07,42.67,73.74,75.63,76.34,76.95,77.36
9.77237e+07,42.67,73.17,74.96,75.63,76.2,76.59
1e+08,42.67,72.62,74.31,74.95,75.49,75.86
1.02329e+08,42.67,72.09,73.69,74.3,74.8,75.15
1.04713e+08,42.67,71.58,73.1,73.67,74.15,74.48
1.07152e+08,42.67,71.09,72.53,73.07,73.53,73.84
1.09648e+08,42.67,70.63,71.99,72.5,72.93,73.22
1.12202e+08,42.67,70.18,71.47,71.95,72.36,72.64
1.14815e+08,42.67,69.74,70.97,71.43,71.81,72.08
1.1749e+08,42.67,69.33,70.49,70.93,71.29,71.54
1.20226e+08,42.67,68.93,70.04,70.45,70.79,71.03
1.23027e+08,42.67,68.55,69.6,69.99,70.32,70.54
1.25893e+08,42.67,68.19,69.18,69.55,69.86,70.07
1.28825e+08,42.67,67.84,68.78,69.13,69.42,69.63
1.31826e+08,42.67,67.5,68.4,68.73,69.01,69.2
1.34896e+08,42.67,67.18,68.03,68.34,68.61,68.79
1.38038e+08,42.67,66.87,67.68,67.98,68.23,68.4
1.41254e+08,42.67,66.57,67.34,67.62,67.86,68.03
1.44544e+08,42.67,66.29,67.02,67.29,67.51,67.67
1.47911e+08,42.67,66.01,66.71,66.97,67.18,67.33
1.51356e+08,42.67,65.75,66.41,66.66,66.86,67
1.54882e+08,42.67,65.5,66.13,66.36,66.56,66.69
1.58489e+08,42.67,65.26,65.86,66.08,66.27,66.39
1.62181e+08,42.67,65.04,65.6,65.81,65.99,66.11
1.65959e+08,42.67,64.82,65.36,65.56,65.72,65.84
1.69824e+08,42.67,64.61,65.12,65.31,65.47,65.58
1.7378e+08,42.67,64.4,64.89,65.07,65.22,65.33
1.77828e+08,42.67,64.21,64.68,64.85,64.99,65.09
1.8197e+08,42.67,64.03,64.47,64.63,64.77,64.86
1.86209e+08,42.67,63.85,64.27,64.43,64.56,64.65
1.90546e+08,42.67,63.68,64.08,64.23,64.35,64.44
1.94984e+08,42.67,63.52,63.9,64.04,64.16,64.24
1.99526e+08,42.67,63.36,63.73,63.86,63.97,64.05
2.04174e+08,42.67,63.22,63.56,63.69,63.8,63.87
2.0893e+08,42.67,63.07,63.41,63.53,63.63,63.7
2.13796e+08,42.67,62.94,63.25,63.37,63.47,63.53
2.18776e+08,42.67,62.81,63.11,63.22,63.31,63.37
2.23872e+08,42.67,62.68,62.97,63.08,63.16,63.22
2.29087e+08,42.67,62.57,62.84,62.94,63.02,63.08
2.34423e+08,42.67,62.45,62.71,62.81,62.89,62.94
2.39883e+08,42.67,62.34,62.59,62.68,62.76,62.81
2.45471e+08,42.67,62.24,62.48,62.56,62.63,62.68
2.51189e+08,42.67,62.14,62.37,62.45,62.52,62.56
2.5704e+08,42.67,62.05,62.26,62.34,62.4,62.45
2.63027e+08,42.67,61.95,62.16,62.23,62.3,62.34
2.69153e+08,42.67,61.87,62.06,62.13,62.19,62.23
2.75423e+08,42.67,61.78,61.97,62.04,62.1,62.13
2.81838e+08,42.67,61.71,61.88,61.95,62,62.04
2.88403e+08,42.67,61.63,61.8,61.86,61.91,61.95
2.95121e+08,42.67,61.56,61.72,61.78,61.83,61.86
3.01995e+08,42.67,61.49,61.64,61.7,61.74,61.78
3.0903e+08,42.67,61.42,61.57,61.62,61.67,61.7
3.16228e+08,42.67,61.36,61.5,61.55,61.59,61.62
3.23594e+08,42.67,61.3,61.43,61.48,61.52,61.55
3.31131e+08,42.67,61.24,61.37,61.41,61.45,61.48
3.38844e+08,42.67,61.18,61.31,61.35,61.39,61.41
3.46737e+08,42.67,61.13,61.25,61.29,61.33,61.35
3.54813e+08,42.67,61.08,61.19,61.23,61.27,61.29
3.63078e+08,42.67,61.03,61.14,61.18,61.21,61.23
3.71535e+08,42.67,60.99,61.09,61.12,61.15,61.18
3.80189e+08,42.67,60.94,61.04,61.07,61.1,61.12
3.89045e+08,42.67,60.9,60.99,61.03,61.05,61.07
3.98107e+08,42.67,60.86,60.95,60.98,61.01,61.02
4.0738e+08,42.67,60.82,60.91,60.94,60.96,60.98
4.16869e+08,42.67,60.78,60.86,60.89,60.92,60.93
4.2658e+08,42.67,60.75,60.83,60.85,60.88,60.89
4.36516e+08,42.67,60.72,60.79,60.82,60.84,60.85
4.46684e+08,42.67,60.68,60.75,60.78,60.8,60.81
4.57088e+08,42.67,60.65,60.72,60.74,60.76,60.78
4.67735e+08,42.67,60.62,60.69,60.71,60.73,60.74
4.7863e+08,42.67,60.6,60.66,60.68,60.7,60.71
4.89779e+08,42.67,60.57,60.63,60.65,60.67,60.68
5.01187e+08,42.67,60.54,60.6,60.62,60.64,60.65
5.12861e+08,42.67,60.52,60.57,60.59,60.61,60.62
5.24807e+08,42.67,60.5,60.55,60.56,60.58,60.59
5.37032e+08,42.67,60.47,60.52,60.54,60.55,60.56
5.49541e+08,42.67,60.45,60.5,60.51,60.53,60.54
5.62341e+08,42.67,60.43,60.48,60.49,60.5,60.51
5.7544e+08,42.67,60.41,60.45,60.47,60.48,60.49
5.88844e+08,42.67,60.39,60.43,60.45,60.46,60.47
6.0256e+08,42.67,60.38,60.41,60.43,60.44,60.45
6.16595e+08,42.67,60.36,60.4,60.41,60.42,60.43
6.30957e+08,42.67,60.34,60.38,60.39,60.4,60.41
6.45654e+08,42.67,60.33,60.36,60.37,60.38,60.39
6.60693e+08,42.67,60.31,60.34,60.36,60.37,60.37
6.76083e+08,42.67,60.3,60.33,60.34,60.35,60.36
6.91831e+08,42.67,60.29,60.31,60.33,60.33,60.34
7.07946e+08,42.67,60.27,60.3,60.31,60.32,60.32
7.24436e+08,42.67,60.26,60.29,60.3,60.3,60.31
7.4131e+08,42.67,60.25,60.27,60.28,60.29,60.3
7.58578e+08,42.67,60.24,60.26,60.27,60.28,60.28
7.76247e+08,42.67,60.23,60.25,60.26,60.27,60.27
7.94328e+08,42.67,60.22,60.24,60.25,60.25,60.26
8.12831e+08,42.67,60.21,60.23,60.24,60.24,60.25
8.31764e+08,42.67,60.2,60.22,60.22,60.23,60.24
8.51138e+08,42.67,60.19,60.21,60.21,60.22,60.22
8.70964e+08,42.67,60.18,60.2,60.21,60.21,60.21
8.91251e+08,42.67,60.17,60.19,60.2,60.2,60.2
9.12011e+08,42.67,60.16,60.18,60.19,60.19,60.2
9.33254e+08,42.67,60.16,60.17,60.18,60.18,60.19
9.54993e+08,42.67,60.15,60.17,60.17,60.18,60.18
9.77237e+08,42.67,60.14,60.16,60.16,60.17,60.17
1e+09,42.67,60.14,60.15,60.16,60.16,60.16
